{"y":3.1880383301,"x":3,"z":0.2862044266,"result":19.2455013683}