{"y":-0.0989827468,"x":1,"z":0.9614838546,"result":1.9342487868}