{"y":-3.7643232729,"x":2,"z":0.9826598911,"result":19.1357501647}