{"y":-1.2523833001,"x":0.0,"z":0.6831544291,"result":2.0351639043}