{"y":-5.7739784952,"x":0.0,"z":0.4881018383,"result":33.5770710679}