{"y":0.8926834048,"x":1,"z":0.076179014,"result":1.8026869034}