{"y":2.8243271631,"x":1,"z":0.5083977759,"result":9.2352922227}